Period,OTP,TTL FLT,DLY FLT,DLY PAX,DLY Cnt,AF,AT,AX,FZ,AG,GB,CD,CZ,TC,AD,AZ,RL,GZ,MX,RA,GF,TZ,TN,FL,PW,PS,EZ,RZ,PL,PH,SG,PB,DG,FF,FR,WZ,PZ,AS,WG,AE,ED,FA,GD,AM,CI,WO,DF,PD,CP,GT,TD
2023-01-01,85.71,14,2,246,8,2.0,3.0,2.0,1.0,,,,,,,,,,,,,,,,,,,,,,,,,,,,,,,,,,,,,,,,,,
2023-01-02,66.67,15,5,852,18,7.0,9.0,,,1.0,1.0,,,,,,,,,,,,,,,,,,,,,,,,,,,,,,,,,,,,,,,,
2023-01-03,78.57,14,3,698,8,5.0,3.0,,,,,,,,,,,,,,,,,,,,,,,,,,,,,,,,,,,,,,,,,,,,
2023-01-04,93.33,15,1,176,8,1.0,5.0,,1.0,,1.0,,,,,,,,,,,,,,,,,,,,,,,,,,,,,,,,,,,,,,,,
2023-01-05,92.86,14,1,91,4,2.0,2.0,,,,,,,,,,,,,,,,,,,,,,,,,,,,,,,,,,,,,,,,,,,,
2023-01-06,92.86,14,1,180,16,6.0,9.0,,,1.0,,,,,,,,,,,,,,,,,,,,,,,,,,,,,,,,,,,,,,,,,
2023-01-07,100.0,15,0,0,6,3.0,3.0,,,,,,,,,,,,,,,,,,,,,,,,,,,,,,,,,,,,,,,,,,,,
2023-01-08,85.71,14,2,456,9,3.0,3.0,,,,,1.0,1.0,1.0,,,,,,,,,,,,,,,,,,,,,,,,,,,,,,,,,,,,,
2023-01-09,93.33,15,1,146,6,1.0,3.0,,1.0,,,,,,1.0,,,,,,,,,,,,,,,,,,,,,,,,,,,,,,,,,,,,
2023-01-10,86.67,15,2,278,10,5.0,5.0,,,,,,,,,,,,,,,,,,,,,,,,,,,,,,,,,,,,,,,,,,,,
2023-01-11,100.0,16,0,0,8,1.0,5.0,,,1.0,1.0,,,,,,,,,,,,,,,,,,,,,,,,,,,,,,,,,,,,,,,,
2023-01-12,93.33,15,1,130,7,3.0,4.0,,,,,,,,,,,,,,,,,,,,,,,,,,,,,,,,,,,,,,,,,,,,
2023-01-13,62.5,16,6,1148,25,6.0,10.0,,,9.0,,,,,,,,,,,,,,,,,,,,,,,,,,,,,,,,,,,,,,,,,
2023-01-14,23.53,17,13,2570,30,10.0,13.0,,,7.0,,,,,,,,,,,,,,,,,,,,,,,,,,,,,,,,,,,,,,,,,
2023-01-15,87.5,16,2,342,7,2.0,4.0,,,,1.0,,,,,,,,,,,,,,,,,,,,,,,,,,,,,,,,,,,,,,,,
2023-01-16,87.5,16,2,294,11,1.0,5.0,,2.0,1.0,1.0,,,,,1.0,,,,,,,,,,,,,,,,,,,,,,,,,,,,,,,,,,,
2023-01-17,88.24,17,2,426,13,7.0,2.0,,,2.0,,,,,,1.0,1.0,,,,,,,,,,,,,,,,,,,,,,,,,,,,,,,,,,
2023-01-18,55.56,18,8,1621,25,12.0,12.0,,,1.0,,,,,,,,,,,,,,,,,,,,,,,,,,,,,,,,,,,,,,,,,
2023-01-19,88.24,17,2,328,13,3.0,4.0,,3.0,,2.0,,,,,,,1.0,,,,,,,,,,,,,,,,,,,,,,,,,,,,,,,,,
2023-01-20,83.33,18,3,604,24,9.0,12.0,,1.0,,,,,,,,,,1.0,1.0,,,,,,,,,,,,,,,,,,,,,,,,,,,,,,,
2023-01-21,55.56,18,8,1452,19,9.0,10.0,,,,,,,,,,,,,,,,,,,,,,,,,,,,,,,,,,,,,,,,,,,,
2023-01-22,64.71,17,6,1175,7,6.0,1.0,,,,,,,,,,,,,,,,,,,,,,,,,,,,,,,,,,,,,,,,,,,,
2023-01-23,83.33,18,3,658,12,2.0,8.0,,,,,,,,,,,,,1.0,1.0,,,,,,,,,,,,,,,,,,,,,,,,,,,,,,
2023-01-24,50.0,18,9,1771,23,8.0,12.0,,,1.0,,,,,,,,,1.0,1.0,,,,,,,,,,,,,,,,,,,,,,,,,,,,,,,
2023-01-25,77.78,18,4,812,18,5.0,6.0,,2.0,1.0,,,,,,,,,1.0,1.0,,2.0,,,,,,,,,,,,,,,,,,,,,,,,,,,,,
2023-01-26,82.35,17,3,777,9,3.0,3.0,,,,,,,,,,,,,1.0,1.0,,1.0,,,,,,,,,,,,,,,,,,,,,,,,,,,,
2023-01-27,88.24,17,2,503,5,4.0,,,,,,,,,,,,,,1.0,,,,,,,,,,,,,,,,,,,,,,,,,,,,,,,
2023-01-28,78.95,19,4,556,19,7.0,10.0,,,,,,,,,,,,,2.0,,,,,,,,,,,,,,,,,,,,,,,,,,,,,,,
2023-01-29,76.47,17,4,991,20,7.0,10.0,,,,1.0,,,,,,1.0,,,1.0,,,,,,,,,,,,,,,,,,,,,,,,,,,,,,,
2023-01-30,94.44,18,1,237,10,3.0,5.0,,1.0,,,,,,,,,,,1.0,,,,,,,,,,,,,,,,,,,,,,,,,,,,,,,
2023-01-31,88.24,17,2,347,6,2.0,3.0,,,,,,,,,,,,,1.0,,,,,,,,,,,,,,,,,,,,,,,,,,,,,,,
2023-02-01,63.16,19,7,1527,24,8.0,13.0,,1.0,1.0,,,,,,,,,,1.0,,,,,,,,,,,,,,,,,,,,,,,,,,,,,,,
2023-02-02,66.67,18,6,1154,9,5.0,1.0,,1.0,,,,,,,,,,,1.0,,,,1.0,,,,,,,,,,,,,,,,,,,,,,,,,,,
2023-02-03,94.44,18,1,159,10,8.0,2.0,,,,,,,,,,,,,,,,,,,,,,,,,,,,,,,,,,,,,,,,,,,,
2023-02-04,100.0,19,0,0,6,4.0,2.0,,,,,,,,,,,,,,,,,,,,,,,,,,,,,,,,,,,,,,,,,,,,
2023-02-05,77.78,18,4,762,16,7.0,6.0,,1.0,,,,,,,,,,,1.0,,1.0,,,,,,,,,,,,,,,,,,,,,,,,,,,,,
2023-02-06,68.42,19,6,1357,14,6.0,5.0,,1.0,,,,,,,,,,,2.0,,,,,,,,,,,,,,,,,,,,,,,,,,,,,,,
2023-02-07,76.47,17,4,704,8,4.0,2.0,,1.0,,,,,,,,,,,1.0,,,,,,,,,,,,,,,,,,,,,,,,,,,,,,,
2023-02-08,63.16,19,7,1099,18,8.0,7.0,,1.0,1.0,,,,,,,,,,1.0,,,,,,,,,,,,,,,,,,,,,,,,,,,,,,,
2023-02-09,94.12,17,1,172,7,1.0,4.0,,,1.0,,,,,,,,,,1.0,,,,,,,,,,,,,,,,,,,,,,,,,,,,,,,
2023-02-10,83.33,18,3,493,16,3.0,7.0,,2.0,1.0,,,,,,,,,,2.0,,,,,1.0,,,,,,,,,,,,,,,,,,,,,,,,,,
2023-02-11,68.42,19,6,799,23,11.0,8.0,,1.0,,,,,,,,,,,2.0,,,,,,1.0,,,,,,,,,,,,,,,,,,,,,,,,,
2023-02-12,82.35,17,3,527,14,5.0,8.0,,,,,,,,,,,,,1.0,,,,,,,,,,,,,,,,,,,,,,,,,,,,,,,
2023-02-13,73.68,19,5,622,14,9.0,3.0,,,,,,,,,,,,,,1.0,1.0,,,,,,,,,,,,,,,,,,,,,,,,,,,,,
2023-02-14,64.71,17,6,995,17,9.0,6.0,,,,1.0,,,,,,1.0,,,,,,,,,,,,,,,,,,,,,,,,,,,,,,,,,,
2023-02-15,77.78,18,4,724,12,7.0,3.0,,1.0,,,,,,,,,,,1.0,,,,,,,,,,,,,,,,,,,,,,,,,,,,,,,
2023-02-16,58.82,17,7,1096,16,5.0,6.0,,1.0,,,,,,,,,,,1.0,1.0,1.0,,,,,1.0,,,,,,,,,,,,,,,,,,,,,,,,
2023-02-17,88.24,17,2,402,13,4.0,6.0,,1.0,,,,,,,1.0,,,,,,,,,,,1.0,,,,,,,,,,,,,,,,,,,,,,,,
2023-02-18,73.68,19,5,864,12,9.0,2.0,,,,,,,,,,,,,1.0,,,,,,,,,,,,,,,,,,,,,,,,,,,,,,,
2023-02-19,94.44,18,1,108,8,1.0,4.0,,1.0,,,,,,,,,,,1.0,1.0,,,,,,,,,,,,,,,,,,,,,,,,,,,,,,
2023-02-20,78.95,19,4,798,19,7.0,10.0,,,,,,,,,,1.0,,,,,,,,,,,1.0,,,,,,,,,,,,,,,,,,,,,,,
2023-02-21,62.5,16,6,1041,14,6.0,7.0,,,,,,,,,,,,,1.0,,,,,,,,,,,,,,,,,,,,,,,,,,,,,,,
2023-02-22,84.21,19,3,528,10,6.0,4.0,,,,,,,,,,,,,,,,,,,,,,,,,,,,,,,,,,,,,,,,,,,,
2023-02-23,83.33,18,3,732,12,6.0,6.0,,,,,,,,,,,,,,,,,,,,,,,,,,,,,,,,,,,,,,,,,,,,
2023-02-24,77.78,18,4,965,18,8.0,6.0,,1.0,,,,,,,,,,,1.0,,,2.0,,,,,,,,,,,,,,,,,,,,,,,,,,,,
2023-02-25,52.63,19,9,2299,42,14.0,17.0,,4.0,1.0,,,,,,,,,1.0,2.0,,,1.0,,,,,,2.0,,,,,,,,,,,,,,,,,,,,,,
2023-02-26,77.78,18,4,660,19,8.0,10.0,,,,,,,,,,,,,1.0,,,,,,,,,,,,,,,,,,,,,,,,,,,,,,,
2023-02-27,63.16,19,7,1245,17,8.0,4.0,,2.0,,,,,1.0,,,,,,1.0,,,,,,,,,,1.0,,,,,,,,,,,,,,,,,,,,,
2023-02-28,88.89,18,2,238,13,4.0,5.0,,1.0,,,,,,,,,,,2.0,,,1.0,,,,,,,,,,,,,,,,,,,,,,,,,,,,
2023-03-01,63.16,19,7,1027,24,9.0,11.0,,,,,,,,,,1.0,,1.0,1.0,,1.0,,,,,,,,,,,,,,,,,,,,,,,,,,,,,
2023-03-02,83.33,18,3,459,14,5.0,6.0,,,,,,,,,,,,,2.0,,,,,,,,,,,1.0,,,,,,,,,,,,,,,,,,,,
2023-03-03,88.89,18,2,415,9,3.0,5.0,,,,,,,,,,,,,1.0,,,,,,,,,,,,,,,,,,,,,,,,,,,,,,,
2023-03-04,78.95,19,4,371,14,5.0,7.0,,,,1.0,,,,,,,,,1.0,,,,,,,,,,,,,,,,,,,,,,,,,,,,,,,
2023-03-05,100.0,18,0,0,1,,,,,,,,,,,,,,,1.0,,,,,,,,,,,,,,,,,,,,,,,,,,,,,,,
2023-03-06,94.74,19,1,233,8,6.0,1.0,,,,,,,,,,,,,1.0,,,,,,,,,,,,,,,,,,,,,,,,,,,,,,,
2023-03-07,83.33,18,3,411,10,6.0,2.0,,,,,,,1.0,,,,,,1.0,,,,,,,,,,,,,,,,,,,,,,,,,,,,,,,
2023-03-08,78.95,19,4,720,6,6.0,,,,,,,,,,,,,,,,,,,,,,,,,,,,,,,,,,,,,,,,,,,,,
2023-03-09,100.0,18,0,0,4,,2.0,,,,,,,,,,,,,1.0,1.0,,,,,,,,,,,,,,,,,,,,,,,,,,,,,,
2023-03-10,88.89,18,2,368,11,5.0,4.0,,1.0,,,,,,,,,,,1.0,,,,,,,,,,,,,,,,,,,,,,,,,,,,,,,
2023-03-11,89.47,19,2,352,11,6.0,2.0,,1.0,,,,,,,,,,,1.0,,,,,,,,,,,1.0,,,,,,,,,,,,,,,,,,,,
2023-03-12,88.89,18,2,393,10,1.0,6.0,,,,,,,,,,,,1.0,,,1.0,,,,,,,,1.0,,,,,,,,,,,,,,,,,,,,,
2023-03-13,94.74,19,1,277,10,8.0,1.0,,,,,,,,,,,,,1.0,,,,,,,,,,,,,,,,,,,,,,,,,,,,,,,
2023-03-14,83.33,18,3,591,12,4.0,6.0,,1.0,,,,,,,,,,1.0,,,,,,,,,,,,,,,,,,,,,,,,,,,,,,,,
2023-03-15,68.42,19,6,915,18,9.0,7.0,,1.0,,,,,,,,,,,1.0,,,,,,,,,,,,,,,,,,,,,,,,,,,,,,,
2023-03-16,61.11,18,7,1151,13,11.0,1.0,,1.0,,,,,,,,,,,,,,,,,,,,,,,,,,,,,,,,,,,,,,,,,,
2023-03-17,72.22,18,5,1018,15,4.0,7.0,,1.0,,,,,,,,,,,1.0,,,,,,,,,,,,2.0,,,,,,,,,,,,,,,,,,,
2023-03-18,89.47,19,2,453,28,11.0,15.0,,,,,,,,,,,,,1.0,1.0,,,,,,,,,,,,,,,,,,,,,,,,,,,,,,
2023-03-19,57.89,19,8,1664,20,7.0,9.0,,1.0,,,,,,,,,,,2.0,,,,,,,,,,,,,1.0,,,,,,,,,,,,,,,,,,
2023-03-20,84.21,19,3,649,19,8.0,9.0,,,,,,,,,,,,,1.0,,,1.0,,,,,,,,,,,,,,,,,,,,,,,,,,,,
2023-03-21,72.22,18,5,860,17,10.0,5.0,,1.0,,1.0,,,,,,,,,,,,,,,,,,,,,,,,,,,,,,,,,,,,,,,,
2023-03-22,77.78,18,4,758,16,5.0,7.0,,,,,,,,,,,,,1.0,,1.0,,,,,,,,,1.0,,,1.0,,,,,,,,,,,,,,,,,
2023-03-23,73.68,19,5,865,14,8.0,2.0,,,,,,,,,,,,,1.0,,1.0,,,,,1.0,,,,,,,,1.0,,,,,,,,,,,,,,,,
2023-03-24,100.0,18,0,0,13,4.0,8.0,,,,,,,,,,,,,1.0,,,,,,,,,,,,,,,,,,,,,,,,,,,,,,,
2023-03-25,63.16,19,7,1284,35,13.0,16.0,,,,,,,,,,,,,2.0,,1.0,,,,,,,,,2.0,,,,,1.0,,,,,,,,,,,,,,,
2023-03-26,62.5,16,6,1045,19,7.0,10.0,,,,1.0,,,,,,,,,1.0,,,,,,,,,,,,,,,,,,,,,,,,,,,,,,,
2023-03-27,78.95,19,4,447,10,5.0,4.0,,,,,,,,,,,,,1.0,,,,,,,,,,,,,,,,,,,,,,,,,,,,,,,
2023-03-28,62.5,16,6,1129,11,8.0,2.0,,,,,,,,,,,,,1.0,,,,,,,,,,,,,,,,,,,,,,,,,,,,,,,
2023-03-29,61.11,18,7,1441,15,9.0,5.0,,,,,,,,,,,,,1.0,,,,,,,,,,,,,,,,,,,,,,,,,,,,,,,
2023-03-30,61.11,18,7,1583,14,6.0,5.0,,1.0,,,,,,,,,,,1.0,1.0,,,,,,,,,,,,,,,,,,,,,,,,,,,,,,
2023-03-31,57.89,19,8,1655,16,9.0,4.0,,,,,,,,,,,,,1.0,,,,,,,,,,,1.0,,,,,,1.0,,,,,,,,,,,,,,
2023-04-01,52.63,19,9,2104,17,12.0,4.0,,,,,,,,,,,,,1.0,,,,,,,,,,,,,,,,,,,,,,,,,,,,,,,
2023-04-02,88.24,17,2,485,8,5.0,2.0,,,,,,,,,,,,,1.0,,,,,,,,,,,,,,,,,,,,,,,,,,,,,,,
2023-04-03,63.16,19,7,1167,18,9.0,8.0,,,,,,,,,,,,,1.0,,,,,,,,,,,,,,,,,,,,,,,,,,,,,,,
2023-04-04,90.0,20,2,485,6,2.0,4.0,,,,,,,,,,,,,,,,,,,,,,,,,,,,,,,,,,,,,,,,,,,,
2023-04-05,94.74,19,1,248,10,4.0,5.0,,,,,,,,,,,,,1.0,,,,,,,,,,,,,,,,,,,,,,,,,,,,,,,
2023-04-06,94.44,18,1,73,6,3.0,3.0,,,,,,,,,,,,,,,,,,,,,,,,,,,,,,,,,,,,,,,,,,,,
2023-04-07,77.78,18,4,509,8,4.0,4.0,,,,,,,,,,,,,,,,,,,,,,,,,,,,,,,,,,,,,,,,,,,,
2023-04-08,66.67,21,7,1030,17,8.0,8.0,,,,,,,,,,,,,1.0,,,,,,,,,,,,,,,,,,,,,,,,,,,,,,,
2023-04-09,52.94,17,8,1377,22,9.0,10.0,,,,,,,,,,,,,2.0,,,,,,,,,,,1.0,,,,,,,,,,,,,,,,,,,,
2023-04-10,89.47,19,2,444,11,7.0,3.0,,,,,,,,,,,,,1.0,,,,,,,,,,,,,,,,,,,,,,,,,,,,,,,
2023-04-11,61.11,18,7,939,11,8.0,2.0,,,,,,,,,,,,,1.0,,,,,,,,,,,,,,,,,,,,,,,,,,,,,,,
2023-04-12,70.0,20,6,868,11,8.0,1.0,,,,,,,,,,,,,2.0,,,,,,,,,,,,,,,,,,,,,,,,,,,,,,,
2023-04-13,77.78,18,4,598,9,8.0,,,,,,,,,,,,,,1.0,,,,,,,,,,,,,,,,,,,,,,,,,,,,,,,
2023-04-14,61.11,18,7,1296,19,7.0,11.0,,,,,,,,,,,,,1.0,,,,,,,,,,,,,,,,,,,,,,,,,,,,,,,
2023-04-15,63.16,19,7,1266,15,11.0,3.0,,,,,,,,,,,,,1.0,,,,,,,,,,,,,,,,,,,,,,,,,,,,,,,
2023-04-16,89.47,19,2,515,9,8.0,,,,,,,,,,,,,,1.0,,,,,,,,,,,,,,,,,,,,,,,,,,,,,,,
2023-04-17,78.95,19,4,506,10,8.0,1.0,,,,,,,,,,,,,1.0,,,,,,,,,,,,,,,,,,,,,,,,,,,,,,,
2023-04-18,83.33,18,3,437,9,9.0,,,,,,,,,,,,,,,,,,,,,,,,,,,,,,,,,,,,,,,,,,,,,
2023-04-19,42.11,19,11,1583,16,13.0,2.0,,,,,,,,,,,,,1.0,,,,,,,,,,,,,,,,,,,,,,,,,,,,,,,
2023-04-20,15.79,19,16,2547,22,17.0,3.0,,,,,,,,,,,,,1.0,1.0,,,,,,,,,,,,,,,,,,,,,,,,,,,,,,
2023-04-21,72.22,18,5,852,10,4.0,5.0,,,,,,,,,,,,,,,1.0,,,,,,,,,,,,,,,,,,,,,,,,,,,,,
2023-04-22,73.68,19,5,983,9,6.0,2.0,,,,,,,,,,,,,1.0,,,,,,,,,,,,,,,,,,,,,,,,,,,,,,,
2023-04-23,72.22,18,5,977,8,6.0,2.0,,,,,,,,,,,,,,,,,,,,,,,,,,,,,,,,,,,,,,,,,,,,
2023-04-24,84.21,19,3,471,7,6.0,1.0,,,,,,,,,,,,,,,,,,,,,,,,,,,,,,,,,,,,,,,,,,,,
2023-04-25,88.89,18,2,291,7,7.0,,,,,,,,,,,,,,,,,,,,,,,,,,,,,,,,,,,,,,,,,,,,,
2023-04-26,61.9,21,8,1299,17,11.0,5.0,,,,,,,,,,,,,1.0,,,,,,,,,,,,,,,,,,,,,,,,,,,,,,,
2023-04-27,75.0,20,5,803,13,6.0,6.0,,,,,,,,,,,,,1.0,,,,,,,,,,,,,,,,,,,,,,,,,,,,,,,
2023-04-28,86.36,22,3,783,17,8.0,7.0,,,,,,,,,,,,,1.0,1.0,,,,,,,,,,,,,,,,,,,,,,,,,,,,,,
2023-04-29,70.0,20,6,1355,16,12.0,3.0,,,,,,,,,,,,,1.0,,,,,,,,,,,,,,,,,,,,,,,,,,,,,,,
2023-04-30,80.95,21,4,496,10,5.0,3.0,,,,,,,,,,,,,1.0,,1.0,,,,,,,,,,,,,,,,,,,,,,,,,,,,,
2023-05-01,86.36,22,3,529,13,7.0,4.0,,,,1.0,,,,,,,,,1.0,,,,,,,,,,,,,,,,,,,,,,,,,,,,,,,
2023-05-02,100.0,21,0,0,2,1.0,1.0,,,,,,,,,,,,,,,,,,,,,,,,,,,,,,,,,,,,,,,,,,,,
2023-05-03,86.96,23,3,257,7,4.0,3.0,,,,,,,,,,,,,,,,,,,,,,,,,,,,,,,,,,,,,,,,,,,,
2023-05-04,77.27,22,5,672,15,8.0,3.0,,,,1.0,,,,,,,,,1.0,,,,,,,,,,2.0,,,,,,,,,,,,,,,,,,,,,
2023-05-05,83.33,24,4,600,13,6.0,5.0,,,,,,,,,,,,,,,1.0,,,,,1.0,,,,,,,,,,,,,,,,,,,,,,,,
2023-05-06,71.43,21,6,1023,17,11.0,6.0,,,,,,,,,,,,,,,,,,,,,,,,,,,,,,,,,,,,,,,,,,,,
2023-05-07,52.17,23,11,2199,29,10.0,12.0,,,,1.0,,,,,,,,,3.0,,1.0,,,,,,,,,1.0,1.0,,,,,,,,,,,,,,,,,,,
2023-05-08,47.83,23,12,2253,24,12.0,8.0,,,,,,,,,,,2.0,,1.0,,,,,,,,,,,,,,,,,,1.0,,,,,,,,,,,,,
2023-05-09,90.48,21,2,446,9,4.0,4.0,,,,,,,,,,,,,,,,1.0,,,,,,,,,,,,,,,,,,,,,,,,,,,,
2023-05-10,82.61,23,4,809,8,4.0,4.0,,,,,,,,,,,,,,,,,,,,,,,,,,,,,,,,,,,,,,,,,,,,
2023-05-11,77.27,22,5,1162,13,7.0,5.0,,,,,,,,,,,,,1.0,,,,,,,,,,,,,,,,,,,,,,,,,,,,,,,
2023-05-12,95.83,24,1,270,13,7.0,5.0,,,,,,,,,,,,1.0,,,,,,,,,,,,,,,,,,,,,,,,,,,,,,,,
2023-05-13,77.27,22,5,867,15,9.0,4.0,,,,,,,,,,,,,1.0,1.0,,,,,,,,,,,,,,,,,,,,,,,,,,,,,,
2023-05-14,100.0,22,0,0,2,1.0,1.0,,,,,,,,,,,,,,,,,,,,,,,,,,,,,,,,,,,,,,,,,,,,
2023-05-15,82.61,23,4,753,14,5.0,7.0,,,,,,,,,1.0,,,,1.0,,,,,,,,,,,,,,,,,,,,,,,,,,,,,,,
2023-05-16,90.48,21,2,361,7,3.0,3.0,,,1.0,,,,,,,,,,,,,,,,,,,,,,,,,,,,,,,,,,,,,,,,,
2023-05-17,86.96,23,3,259,16,7.0,7.0,,2.0,,,,,,,,,,,,,,,,,,,,,,,,,,,,,,,,,,,,,,,,,,
2023-05-18,72.73,22,6,1131,14,4.0,7.0,,,,,,,,,,1.0,,,,,,,,,1.0,,,,,,,,1.0,,,,,,,,,,,,,,,,,
2023-05-19,47.83,23,12,2246,30,12.0,7.0,,,,,,,,,,,,,1.0,1.0,1.0,,,,1.0,,,,,1.0,,,,,,,,6.0,,,,,,,,,,,,
2023-05-20,63.64,22,8,1376,24,11.0,12.0,,,,,,,,,1.0,,,,,,,,,,,,,,,,,,,,,,,,,,,,,,,,,,,
2023-05-21,68.18,22,7,1420,9,7.0,1.0,,,,,,,,,,,,,1.0,,,,,,,,,,,,,,,,,,,,,,,,,,,,,,,
2023-05-22,39.13,23,14,2592,22,13.0,6.0,,,,,,,,,1.0,,,,1.0,,,,,,,,,,,,,,,,,,,,1.0,,,,,,,,,,,
2023-05-23,85.0,20,3,533,6,3.0,2.0,,,,,,,,,,,,,1.0,,,,,,,,,,,,,,,,,,,,,,,,,,,,,,,
2023-05-24,100.0,23,0,0,3,2.0,1.0,,,,,,,,,,,,,,,,,,,,,,,,,,,,,,,,,,,,,,,,,,,,
2023-05-25,72.73,22,6,946,26,11.0,14.0,,,,,,,,,,,,,1.0,,,,,,,,,,,,,,,,,,,,,,,,,,,,,,,
2023-05-26,83.33,24,4,662,16,6.0,7.0,,,,,,,,,,,,,1.0,,,,,,,1.0,,,1.0,,,,,,,,,,,,,,,,,,,,,
2023-05-27,95.24,21,1,267,14,6.0,6.0,,,,,,,,,,,,,1.0,1.0,,,,,,,,,,,,,,,,,,,,,,,,,,,,,,
2023-05-28,95.45,22,1,224,10,5.0,4.0,,,,,,,,,,,,,,1.0,,,,,,,,,,,,,,,,,,,,,,,,,,,,,,
2023-05-29,86.96,23,3,505,13,6.0,5.0,,,,,,,,,,1.0,,,1.0,,,,,,,,,,,,,,,,,,,,,,,,,,,,,,,
2023-05-30,85.0,20,3,440,11,7.0,1.0,,1.0,,,,,,,,,,,,1.0,,,,,,,,,,1.0,,,,,,,,,,,,,,,,,,,,
2023-05-31,69.57,23,7,993,15,8.0,6.0,,,,,,,,,,,,,,,,,,,,1.0,,,,,,,,,,,,,,,,,,,,,,,,
2023-06-01,90.48,21,2,320,11,7.0,4.0,,,,,,,,,,,,,,,,,,,,,,,,,,,,,,,,,,,,,,,,,,,,
2023-06-02,70.83,24,7,1219,15,4.0,9.0,,,,,,,,,,,,,1.0,,,,,,,,,,,,,,,,1.0,,,,,,,,,,,,,,,
2023-06-03,59.09,22,9,1662,16,10.0,3.0,,,,,,,,,1.0,,,,,1.0,,,,,,,,,,1.0,,,,,,,,,,,,,,,,,,,,
2023-06-04,78.26,23,5,1159,8,4.0,3.0,,,,,,,,,,,,,,,,,,,,,,,,1.0,,,,,,,,,,,,,,,,,,,,
2023-06-05,73.91,23,6,1044,18,9.0,6.0,,,,,,,,,,,,,,,1.0,,,,,,,,,1.0,1.0,,,,,,,,,,,,,,,,,,,
2023-06-06,81.82,22,4,610,11,4.0,2.0,,,,,,,,,,1.0,,,2.0,,,,,,,,,,,2.0,,,,,,,,,,,,,,,,,,,,
2023-06-07,78.26,23,5,974,11,6.0,4.0,,,,,,,,,,,,,1.0,,,,,,,,,,,,,,,,,,,,,,,,,,,,,,,
2023-06-08,63.64,22,8,1219,18,10.0,6.0,,,,,,,,,1.0,,,,1.0,,,,,,,,,,,,,,,,,,,,,,,,,,,,,,,
2023-06-09,66.67,24,8,1438,21,10.0,5.0,,,,,,,,,,,,,2.0,,1.0,1.0,,,,,,,,2.0,,,,,,,,,,,,,,,,,,,,
2023-06-10,77.27,22,5,989,16,12.0,2.0,,,,,,,,,,,,,1.0,,,,,,,,,,,1.0,,,,,,,,,,,,,,,,,,,,
2023-06-11,91.3,23,2,365,13,4.0,6.0,,,,,,,,,,,,,1.0,,,,,,,,,,1.0,1.0,,,,,,,,,,,,,,,,,,,,
2023-06-12,81.82,22,4,671,13,6.0,4.0,,,,,,,,,,,,1.0,1.0,,,,,,,,,,,1.0,,,,,,,,,,,,,,,,,,,,
2023-06-13,72.73,22,6,1283,27,11.0,11.0,,1.0,1.0,,,,,,,,,,,1.0,,,,,,,,,1.0,1.0,,,,,,,,,,,,,,,,,,,,
2023-06-14,91.3,23,2,546,14,5.0,6.0,,,,1.0,,,,,1.0,,,,1.0,,,,,,,,,,,,,,,,,,,,,,,,,,,,,,,
2023-06-15,61.9,21,8,1576,20,11.0,8.0,,,,,,,,,,,,,1.0,,,,,,,,,,,,,,,,,,,,,,,,,,,,,,,
2023-06-16,82.61,23,4,903,18,7.0,7.0,,,1.0,,,,,,,,,,1.0,,,,,,,,,,,2.0,,,,,,,,,,,,,,,,,,,,
2023-06-17,72.73,22,6,1323,29,14.0,13.0,,1.0,,1.0,,,,,,,,,,,,,,,,,,,,,,,,,,,,,,,,,,,,,,,,
2023-06-18,78.26,23,5,1039,23,8.0,7.0,,,2.0,1.0,,,,,,,,,1.0,,,,,,,,,,,2.0,,,,,,,,,,1.0,1.0,,,,,,,,,
2023-06-19,73.91,23,6,1321,18,8.0,6.0,,1.0,,,,,,,,,,,1.0,,,,,,,,,,1.0,1.0,,,,,,,,,,,,,,,,,,,,
2023-06-20,65.0,20,7,1409,17,8.0,4.0,,1.0,1.0,,,,,,,,,,,1.0,,,,1.0,,,,,,1.0,,,,,,,,,,,,,,,,,,,,
2023-06-21,86.96,23,3,546,18,6.0,9.0,,,,,,,,,,,,,1.0,,,,,,,,,,,1.0,,,,,,1.0,,,,,,,,,,,,,,
2023-06-22,72.73,22,6,1182,21,11.0,8.0,,,,1.0,,,,,,,,,1.0,,,,,,,,,,,,,,,,,,,,,,,,,,,,,,,
2023-06-23,78.26,23,5,1191,20,7.0,8.0,,,,,,,,,,,,,1.0,1.0,,1.0,,,,,,,,2.0,,,,,,,,,,,,,,,,,,,,
2023-06-24,85.71,21,3,402,14,6.0,5.0,,,1.0,,,,,,,,,,,,,,,,,,,,1.0,1.0,,,,,,,,,,,,,,,,,,,,
2023-06-25,91.3,23,2,448,11,3.0,6.0,,,,,,,,,,,,,,,,,,,,,,,,2.0,,,,,,,,,,,,,,,,,,,,
2023-06-26,95.65,23,1,166,16,3.0,9.0,,,,,,,,,,,,,1.0,,,,,,,,,,1.0,2.0,,,,,,,,,,,,,,,,,,,,
2023-06-27,95.24,21,1,208,4,1.0,2.0,,,,,,,,,,,,,1.0,,,,,,,,,,,,,,,,,,,,,,,,,,,,,,,
2023-06-28,78.26,23,5,789,19,10.0,6.0,,,,1.0,,,,,,,,,1.0,,,,,,,,,,,1.0,,,,,,,,,,,,,,,,,,,,
2023-06-29,90.91,22,2,525,9,6.0,2.0,,,,,,,,,,,,,,1.0,,,,,,,,,,,,,,,,,,,,,,,,,,,,,,
2023-06-30,70.83,24,7,1425,16,6.0,5.0,,,,,,,,,,,,,2.0,,,,,,,,,,,2.0,,,,,,,,,,,,1.0,,,,,,,,
2023-07-01,72.73,22,6,1594,11,5.0,5.0,,,,,,,,,,,,,,,,,,,,,,,,1.0,,,,,,,,,,,,,,,,,,,,
2023-07-02,60.87,23,9,1770,17,7.0,6.0,,,,,,,,,,,,,2.0,,,,,,,,,,,2.0,,,,,,,,,,,,,,,,,,,,
2023-07-03,73.91,23,6,1208,20,8.0,8.0,,,,,,,,,,,,,1.0,,,,,,,,,,1.0,2.0,,,,,,,,,,,,,,,,,,,,
2023-07-04,80.95,21,4,662,9,7.0,1.0,,,,1.0,,,,,,,,,,,,,,,,,,,,,,,,,,,,,,,,,,,,,,,,
2023-07-05,82.61,23,4,532,13,10.0,3.0,,,,,,,,,,,,,,,,,,,,,,,,,,,,,,,,,,,,,,,,,,,,
2023-07-06,72.73,22,6,1043,24,9.0,8.0,,1.0,,1.0,,,,,,,,,,1.0,,,,,,,,,1.0,1.0,,,,,,,1.0,,,,,1.0,,,,,,,,
2023-07-07,58.33,24,10,1802,24,10.0,9.0,,,,,,,,,,,,,2.0,,1.0,,,,,,,,,1.0,,,,1.0,,,,,,,,,,,,,,,,
2023-07-08,68.18,22,7,1170,31,10.0,14.0,,,,2.0,,,,,,,,,2.0,,,,,1.0,,,,,,1.0,,,,,,,1.0,,,,,,,,,,,,,
2023-07-09,91.3,23,2,267,8,4.0,4.0,,,,,,,,,,,,,,,,,,,,,,,,,,,,,,,,,,,,,,,,,,,,
2023-07-10,78.26,23,5,1116,21,7.0,9.0,,1.0,,,,,,,,,,,1.0,1.0,,,,,,1.0,,,,,,,,1.0,,,,,,,,,,,,,,,,
2023-07-11,85.71,21,3,585,8,5.0,3.0,,,,,,,,,,,,,,,,,,,,,,,,,,,,,,,,,,,,,,,,,,,,
2023-07-12,86.96,23,3,390,10,5.0,3.0,,,,,,,,,,,,,,,,,,,,,,,,1.0,,,,,,,1.0,,,,,,,,,,,,,
2023-07-13,100.0,22,0,0,6,2.0,2.0,,,,,,1.0,,,,,,,,,,,,,,,,,,,,,,,,,1.0,,,,,,,,,,,,,
2023-07-14,90.91,22,2,247,14,6.0,6.0,,,,,,,,,,,,,,,,,,,,,,,,1.0,,,,,,,1.0,,,,,,,,,,,,,
2023-07-15,91.3,23,2,359,12,5.0,6.0,,,,1.0,,,,,,,,,,,,,,,,,,,,,,,,,,,,,,,,,,,,,,,,
2023-07-16,95.83,24,1,251,2,1.0,1.0,,,,,,,,,,,,,,,,,,,,,,,,,,,,,,,,,,,,,,,,,,,,
2023-07-17,80.0,20,4,789,15,6.0,8.0,,,,,,,,,,1.0,,,,,,,,,,,,,,,,,,,,,,,,,,,,,,,,,,
2023-07-18,69.57,23,7,1096,13,1.0,4.0,,,,,,,,,,,,,,,,,,,,,,,,,,,,,,,1.0,,,,,,7.0,,,,,,,
2023-07-19,58.33,24,10,1550,20,11.0,6.0,,,,,,,,,,,,,,,,,,,,,,,,,,,,,,,,,,,,,3.0,,,,,,,
2023-07-20,63.64,22,8,1079,18,5.0,5.0,,,,,,,,,,1.0,,,1.0,,,,,,,,,,,2.0,,,,,,,,,,,,,4.0,,,,,,,
2023-07-21,96.0,25,1,151,13,5.0,5.0,,,,,,,,,,,,,1.0,,,,,,,,,,,1.0,,,,,,,,,,,,,,1.0,,,,,,
2023-07-22,91.3,23,2,524,10,3.0,6.0,,,,,,,,,,,,,,,,,,,,,,,,1.0,,,,,,,,,,,,,,,,,,,,
2023-07-23,91.67,24,2,564,13,2.0,5.0,,,,,,,,,,,,,,2.0,,,,,,,1.0,,,2.0,,,,,,,1.0,,,,,,,,,,,,,
2023-07-24,87.5,24,3,726,9,3.0,5.0,,,,,,,,,,,,,,,,,,,1.0,,,,,,,,,,,,,,,,,,,,,,,,,
2023-07-25,68.18,22,7,1567,23,10.0,9.0,,1.0,,,,,,,,1.0,,,,,1.0,,,,,,,,,1.0,,,,,,,,,,,,,,,,,,,,
2023-07-26,87.5,24,3,816,21,6.0,10.0,,1.0,,,,,,,,,,,,,,,,,,,,,1.0,1.0,,,,,,,1.0,,,,,,1.0,,,,,,,
2023-07-27,90.91,22,2,453,13,2.0,6.0,,2.0,,2.0,,,,,,,,,,,,,,,,,,,,1.0,,,,,,,,,,,,,,,,,,,,
2023-07-28,80.0,25,5,867,18,4.0,6.0,,3.0,,,,,,,,,,,1.0,,,,,1.0,,,,,,1.0,,,,,,,1.0,,,,,,,1.0,,,,,,
2023-07-29,78.26,23,5,1148,10,4.0,5.0,,,,,,,,,,1.0,,,,,,,,,,,,,,,,,,,,,,,,,,,,,,,,,,
2023-07-30,73.91,23,6,945,16,6.0,5.0,,,,,,,,,,,,,1.0,1.0,,,,,,,,,,2.0,,,,,,,1.0,,,,,,,,,,,,,
2023-07-31,79.17,24,5,982,11,6.0,4.0,,,,,,,,,,,,,,1.0,,,,,,,,,,,,,,,,,,,,,,,,,,,,,,
2023-08-01,90.0,20,2,365,10,2.0,7.0,,,,,,,,,,,,,,,,,,,,,,,,,,,,,,,1.0,,,,,,,,,,,,,
2023-08-02,95.65,23,1,258,8,2.0,3.0,,1.0,,,,,,,,,,,1.0,1.0,,,,,,,,,,,,,,,,,,,,,,,,,,,,,,
2023-08-03,82.61,23,4,872,18,2.0,8.0,,,,2.0,,,,,,1.0,,1.0,1.0,,,,,,,,1.0,,,1.0,,,,,,,1.0,,,,,,,,,,,,,
2023-08-04,91.67,24,2,375,11,3.0,6.0,,,,,,,,,,,,,1.0,,,,,,,,,,,,,,,,,,1.0,,,,,,,,,,,,,
2023-08-05,63.64,22,8,1605,14,9.0,3.0,,1.0,,,,,,,,,,,,,,,,,,,,,,,,,,,,,1.0,,,,,,,,,,,,,
2023-08-06,100.0,22,0,0,2,,2.0,,,,,,,,,,,,,,,,,,,,,,,,,,,,,,,,,,,,,,,,,,,,
2023-08-07,95.83,24,1,292,5,,4.0,,,,,,,,,,,,,,,,,,,,,,,,,,,,,,,1.0,,,,,,,,,,,,,
2023-08-08,85.71,21,3,647,6,4.0,2.0,,,,,,,,,,,,,,,,,,,,,,,,,,,,,,,,,,,,,,,,,,,,
2023-08-09,95.65,23,1,297,10,4.0,3.0,,,,,,,,,,1.0,,,,,,,,,,,,,,1.0,,,,,,,1.0,,,,,,,,,,,,,
2023-08-10,86.36,22,3,477,11,2.0,2.0,,,,1.0,,,,,,,,,1.0,,,,,,,,1.0,,,2.0,,,,,,,1.0,1.0,,,,,,,,,,,,
2023-08-11,79.17,24,5,710,11,4.0,2.0,,,,,,,,,,,,,4.0,,,,,,,,,,,,,,,,,,1.0,,,,,,,,,,,,,
2023-08-12,95.65,23,1,299,8,3.0,4.0,,,,,,,,,,,,,,,,,,,,,,,,,,,,,,,1.0,,,,,,,,,,,,,
2023-08-13,86.96,23,3,715,9,5.0,2.0,,,,,,,,,,,,,,,,,,,,,,,,1.0,,,,,,,1.0,,,,,,,,,,,,,
2023-08-14,87.5,24,3,509,11,2.0,6.0,,,,,,,,,,,,,2.0,,,,,,,,,,,1.0,,,,,,,,,,,,,,,,,,,,
2023-08-15,95.0,20,1,280,8,3.0,3.0,,,,,,,,,,,,,,,,,,,,,,,,1.0,,,,,,,1.0,,,,,,,,,,,,,
2023-08-16,48.15,27,14,2704,32,8.0,12.0,,,,,,,,,,,,,4.0,1.0,,,,,,,,,,2.0,,,,,,,,5.0,,,,,,,,,,,,
2023-08-17,75.0,24,6,1052,13,5.0,7.0,,,,,,,,,,,,,,,,,,,,,,,,,,,,,,,1.0,,,,,,,,,,,,,
2023-08-18,87.5,24,3,618,14,10.0,2.0,,,,,,,,,,,,,,,,,,,,1.0,,,,,,,,,,,1.0,,,,,,,,,,,,,
2023-08-19,83.33,24,4,667,12,8.0,4.0,,,,,,,,,,,,,,,,,,,,,,,,,,,,,,,,,,,,,,,,,,,,
2023-08-20,95.65,23,1,183,11,2.0,7.0,,,,1.0,,,,,,,,,,,,,,,,,,,,,,,,,,,1.0,,,,,,,,,,,,,
2023-08-21,100.0,25,0,0,6,1.0,3.0,,,,1.0,,,,,,,,,,,,,,,,,,,1.0,,,,,,,,,,,,,,,,,,,,,
2023-08-22,95.45,22,1,57,10,5.0,3.0,,1.0,,,,,,,,,,,,,,,,,,,,,,,,,,,,,1.0,,,,,,,,,,,,,
2023-08-23,100.0,24,0,0,5,1.0,3.0,,,,,,,,,,,,,,,,,,,,,,,,,,,,,,,1.0,,,,,,,,,,,,,
2023-08-24,95.83,24,1,287,16,10.0,6.0,,,,,,,,,,,,,,,,,,,,,,,,,,,,,,,,,,,,,,,,,,,,
2023-08-25,100.0,24,0,0,3,1.0,2.0,,,,,,,,,,,,,,,,,,,,,,,,,,,,,,,,,,,,,,,,,,,,
2023-08-26,95.83,24,1,139,7,2.0,5.0,,,,,,,,,,,,,,,,,,,,,,,,,,,,,,,,,,,,,,,,,,,,
2023-08-27,95.83,24,1,276,2,1.0,1.0,,,,,,,,,,,,,,,,,,,,,,,,,,,,,,,,,,,,,,,,,,,,
2023-08-28,100.0,24,0,0,5,1.0,3.0,,,,,,,,,,,,,,,,,,,,,,,,,,,,,,,1.0,,,,,,,,,,,,,
2023-08-29,95.65,23,1,226,7,2.0,5.0,,,,,,,,,,,,,,,,,,,,,,,,,,,,,,,,,,,,,,,,,,,,
2023-08-30,82.61,23,4,824,15,7.0,7.0,,,,,,,,,,,,,,,,,,,,,,,1.0,,,,,,,,,,,,,,,,,,,,,
2023-08-31,83.33,24,4,777,12,5.0,5.0,,,,,,,,,1.0,,,,,,,,,,,,,,,,,,,,,,1.0,,,,,,,,,,,,,
2023-09-01,91.3,23,2,283,8,3.0,5.0,,,,,,,,,,,,,,,,,,,,,,,,,,,,,,,,,,,,,,,,,,,,
2023-09-02,90.0,20,2,315,6,1.0,3.0,,,,,,,,,,1.0,,,,,,,,,,1.0,,,,,,,,,,,,,,,,,,,,,,,,
2023-09-03,91.67,24,2,293,12,4.0,4.0,,,,,,,,,,,,,,,,,,,,,1.0,,1.0,1.0,,,,,,,1.0,,,,,,,,,,,,,
2023-09-04,91.3,23,2,334,8,4.0,4.0,,,,,,,,,,,,,,,,,,,,,,,,,,,,,,,,,,,,,,,,,,,,
2023-09-05,69.57,23,7,1142,15,12.0,3.0,,,,,,,,,,,,,,,,,,,,,,,,,,,,,,,,,,,,,,,,,,,,
2023-09-06,100.0,24,0,0,4,3.0,,,,,,,,,,,,,,1.0,,,,,,,,,,,,,,,,,,,,,,,,,,,,,,,
2023-09-07,78.26,23,5,957,16,6.0,8.0,,,,,,,,,,,,,1.0,,,,,,,1.0,,,,,,,,,,,,,,,,,,,,,,,,
2023-09-08,79.17,24,5,784,16,8.0,6.0,,,,,,,,,,,,,1.0,,,,,,,,,,,,,,,,,1.0,,,,,,,,,,,,,,
2023-09-09,81.82,22,4,685,17,7.0,9.0,,,,,,,,,,,,,,,,,,,1.0,,,,,,,,,,,,,,,,,,,,,,,,,
2023-09-10,86.36,22,3,750,9,2.0,5.0,,,,,,,,,,,,,,,,,,,,,,,1.0,,,,,,,,1.0,,,,,,,,,,,,,
2023-09-11,100.0,22,0,0,3,1.0,1.0,,,,,,,,,,,,,1.0,,,,,,,,,,,,,,,,,,,,,,,,,,,,,,,
2023-09-12,95.65,23,1,242,5,1.0,4.0,,,,,,,,,,,,,,,,,,,,,,,,,,,,,,,,,,,,,,,,,,,,
2023-09-13,91.3,23,2,380,5,1.0,3.0,,,,,,,,,,,,,,,,,,,,,,,,,,,,,,,1.0,,,,,,,,,,,,,
2023-09-14,82.61,23,4,676,14,5.0,9.0,,,,,,,,,,,,,,,,,,,,,,,,,,,,,,,,,,,,,,,,,,,,
2023-09-15,75.0,24,6,1177,13,5.0,7.0,,,,,,,,,,,,,,1.0,,,,,,,,,,,,,,,,,,,,,,,,,,,,,,
2023-09-16,95.45,22,1,247,5,2.0,3.0,,,,,,,,,,,,,,,,,,,,,,,,,,,,,,,,,,,,,,,,,,,,
2023-09-17,100.0,22,0,0,3,,2.0,,,,,,,,,,,,,1.0,,,,,,,,,,,,,,,,,,,,,,,,,,,,,,,
2023-09-18,81.82,22,4,810,8,5.0,2.0,,,,,,,,,,,,,,,,,,,,,,,,,,,,,,,1.0,,,,,,,,,,,,,
2023-09-19,100.0,23,0,0,1,,1.0,,,,,,,,,,,,,,,,,,,,,,,,,,,,,,,,,,,,,,,,,,,,
2023-09-20,100.0,23,0,0,4,1.0,2.0,,,,,,,,,,,,,,1.0,,,,,,,,,,,,,,,,,,,,,,,,,,,,,,
2023-09-21,82.61,23,4,739,11,5.0,5.0,,,,,,,,,,,,,,,,,,,,1.0,,,,,,,,,,,,,,,,,,,,,,,,
2023-09-22,91.67,24,2,341,5,2.0,3.0,,,,,,,,,,,,,,,,,,,,,,,,,,,,,,,,,,,,,,,,,,,,
2023-09-23,77.27,22,5,947,9,5.0,2.0,,,,,,,,,,1.0,,,,,,,,,,,,,,,,,,,,1.0,,,,,,,,,,,,,,
2023-09-24,100.0,23,0,0,1,,1.0,,,,,,,,,,,,,,,,,,,,,,,,,,,,,,,,,,,,,,,,,,,,
2023-09-25,95.45,22,1,175,11,5.0,3.0,,,,,,,,,,,,,,,,,,,,,,,1.0,,,,,1.0,,,1.0,,,,,,,,,,,,,
2023-09-26,86.96,23,3,535,6,5.0,1.0,,,,,,,,,,,,,,,,,,,,,,,,,,,,,,,,,,,,,,,,,,,,
2023-09-27,95.45,22,1,267,7,2.0,5.0,,,,,,,,,,,,,,,,,,,,,,,,,,,,,,,,,,,,,,,,,,,,
2023-09-28,90.91,22,2,499,8,5.0,3.0,,,,,,,,,,,,,,,,,,,,,,,,,,,,,,,,,,,,,,,,,,,,
2023-09-29,95.65,23,1,61,3,1.0,2.0,,,,,,,,,,,,,,,,,,,,,,,,,,,,,,,,,,,,,,,,,,,,
2023-09-30,100.0,22,0,0,6,2.0,4.0,,,,,,,,,,,,,,,,,,,,,,,,,,,,,,,,,,,,,,,,,,,,
2023-10-01,100.0,23,0,0,7,3.0,4.0,,,,,,,,,,,,,,,,,,,,,,,,,,,,,,,,,,,,,,,,,,,,
2023-10-02,90.91,22,2,342,9,2.0,6.0,,,,,,,,,,,,,,,,,,,,1.0,,,,,,,,,,,,,,,,,,,,,,,,
2023-10-03,78.26,23,5,790,12,8.0,3.0,,,,,,,,,,,,,1.0,,,,,,,,,,,,,,,,,,,,,,,,,,,,,,,
2023-10-04,86.36,22,3,608,12,6.0,4.0,,,,,,,,,,1.0,,,1.0,,,,,,,,,,,,,,,,,,,,,,,,,,,,,,,
2023-10-05,60.87,23,9,1781,22,6.0,7.0,,,,,,,,,,1.0,,,,,,1.0,,,,,,,,1.0,,,,,,,,,,,,,,,6.0,,,,,
2023-10-06,83.33,24,4,716,17,7.0,7.0,,,,,,,,,,,,,1.0,,,,,,,,,,,1.0,,,,,,,,,,,,,,,,1.0,,,,
2023-10-07,54.55,22,10,2271,28,12.0,13.0,,,,,,,,,,,,,,,,,,,,1.0,,,,1.0,,,,,,,1.0,,,,,,,,,,,,,
2023-10-08,95.45,22,1,148,9,2.0,6.0,,,,,,,,,,,,,,,,,,,,,,,,,,,,,,1.0,,,,,,,,,,,,,,
2023-10-09,90.91,22,2,488,6,1.0,3.0,,,,,,,,,,,,,,,,,,,,,,,,,,1.0,,,,,,,,,,,,,,,1.0,,,
2023-10-10,95.65,23,1,258,8,3.0,4.0,,,,,,,,,,,,,1.0,,,,,,,,,,,,,,,,,,,,,,,,,,,,,,,
2023-10-11,78.26,23,5,812,12,4.0,4.0,,,,,,,,,,1.0,,,1.0,,,,,,,,,,,1.0,,,,,,,1.0,,,,,,,,,,,,,
2023-10-12,95.65,23,1,131,8,2.0,4.0,,,,,,,,,,1.0,,,,,,,,,,,,,1.0,,,,,,,,,,,,,,,,,,,,,
2023-10-13,95.83,24,1,161,2,,1.0,,,,,,,,,,,,,,,,,,,,1.0,,,,,,,,,,,,,,,,,,,,,,,,
2023-10-14,100.0,22,0,0,3,1.0,1.0,,,,,,,,,,,,,,,,,,,,,,,,,,,,,,,,,,,,,,,,,,1.0,,
2023-10-15,95.45,22,1,141,10,3.0,6.0,,,,,,,,,,,,1.0,,,,,,,,,,,,,,,,,,,,,,,,,,,,,,,,
2023-10-16,95.45,22,1,238,10,1.0,8.0,,,,,,,,,,1.0,,,,,,,,,,,,,,,,,,,,,,,,,,,,,,,,,,
2023-10-17,82.61,23,4,601,12,5.0,7.0,,,,,,,,,,,,,,,,,,,,,,,,,,,,,,,,,,,,,,,,,,,,
2023-10-18,86.36,22,3,480,9,1.0,7.0,,,,,,,,,,,,1.0,,,,,,,,,,,,,,,,,,,,,,,,,,,,,,,,
2023-10-19,86.96,23,3,527,8,6.0,1.0,,,,1.0,,,,,,,,,,,,,,,,,,,,,,,,,,,,,,,,,,,,,,,,
2023-10-20,95.83,24,1,158,7,3.0,4.0,,,,,,,,,,,,,,,,,,,,,,,,,,,,,,,,,,,,,,,,,,,,
2023-10-21,59.09,22,9,1932,26,10.0,12.0,,,,,,,,,,2.0,,,1.0,,,,,,,,,,,,,,,,,,,,,,,,,,,,,,1.0,
2023-10-22,72.73,22,6,1057,16,6.0,9.0,,,,,,,,,,,,,,,,,,,,,,,,,,,,,,,1.0,,,,,,,,,,,,,
2023-10-23,100.0,22,0,0,6,,3.0,,,,,,,,,,1.0,,,,,,,,,,,,,,,,,,,,1.0,1.0,,,,,,,,,,,,,
2023-10-24,100.0,23,0,0,3,1.0,1.0,,,,,,,,,,,,,,,,,,,,,,,,,,,,,,,1.0,,,,,,,,,,,,,
2023-10-25,91.3,23,2,197,6,2.0,3.0,,,,,,,,,,,,,,,,,,1.0,,,,,,,,,,,,,,,,,,,,,,,,,,
2023-10-26,100.0,23,0,0,8,1.0,6.0,,,,,,,,,,,,,,,,,,,,,,,,,,,,,,,1.0,,,,,,,,,,,,,
2023-10-27,100.0,23,0,0,2,1.0,1.0,,,,,,,,,,,,,,,,,,,,,,,,,,,,,,,,,,,,,,,,,,,,
2023-10-28,86.36,22,3,557,11,7.0,3.0,,,,,,,,,,,1.0,,,,,,,,,,,,,,,,,,,,,,,,,,,,,,,,,
2023-10-29,81.82,22,4,831,10,4.0,3.0,,,,,,,1.0,,,1.0,,,,,1.0,,,,,,,,,,,,,,,,,,,,,,,,,,,,,
2023-10-30,100.0,23,0,0,4,,3.0,,,,,,,,,,,,,,,,,,,,,,,,,,,,,,,1.0,,,,,,,,,,,,,
2023-10-31,100.0,22,0,0,3,1.0,2.0,,,,,,,,,,,,,,,,,,,,,,,,,,,,,,,,,,,,,,,,,,,,
2023-11-01,72.73,22,6,1195,9,7.0,1.0,,,,,,,,,,,,,1.0,,,,,,,,,,,,,,,,,,,,,,,,,,,,,,,
2023-11-02,82.61,23,4,795,14,5.0,7.0,,,,,,,,,,2.0,,,,,,,,,,,,,,,,,,,,,,,,,,,,,,,,,,
2023-11-03,90.48,21,2,320,4,1.0,2.0,,,,,,,,,,1.0,,,,,,,,,,,,,,,,,,,,,,,,,,,,,,,,,,
2023-11-04,85.0,20,3,571,17,8.0,8.0,,,,,,,,,,,,,,,1.0,,,,,,,,,,,,,,,,,,,,,,,,,,,,,
2023-11-05,86.36,22,3,698,11,3.0,4.0,,,,,,,,,,1.0,,1.0,1.0,,,,,,,,,,,,,,,,,,1.0,,,,,,,,,,,,,
2023-11-06,90.91,22,2,285,14,6.0,8.0,,,,,,,,,,,,,,,,,,,,,,,,,,,,,,,,,,,,,,,,,,,,
2023-11-07,77.27,22,5,998,13,7.0,4.0,,,,,,,,,,1.0,,,1.0,,,,,,,,,,,,,,,,,,,,,,,,,,,,,,,
2023-11-08,80.95,21,4,775,15,7.0,5.0,,,,,,,,,,1.0,,,1.0,,,,,,,,,,,,,,,,,,,,,,1.0,,,,,,,,,
2023-11-09,60.87,23,9,1679,15,7.0,3.0,,,,,,,,,,4.0,,,1.0,,,,,,,,,,,,,,,,,,,,,,,,,,,,,,,
2023-11-10,94.74,19,1,182,4,3.0,1.0,,,,,,,,,,,,,,,,,,,,,,,,,,,,,,,,,,,,,,,,,,,,
2023-11-11,77.27,22,5,1022,13,7.0,6.0,,,,,,,,,,,,,,,,,,,,,,,,,,,,,,,,,,,,,,,,,,,,
2023-11-12,95.24,21,1,190,7,2.0,4.0,,,,,,,,,,,,,,,,1.0,,,,,,,,,,,,,,,,,,,,,,,,,,,,
2023-11-13,86.96,23,3,622,11,4.0,4.0,,,,1.0,,,,,,1.0,,,1.0,,,,,,,,,,,,,,,,,,,,,,,,,,,,,,,
2023-11-14,75.0,20,5,1076,15,9.0,4.0,,1.0,,,,,,,,,,,1.0,,,,,,,,,,,,,,,,,,,,,,,,,,,,,,,
2023-11-15,52.17,23,11,2091,19,7.0,7.0,,,,,,,,,,1.0,1.0,,,,,,,,1.0,,,,,,,,,,,,,,,,,,,,,,,,,2.0
2023-11-16,90.91,22,2,455,15,6.0,7.0,,,,,,,,,,,,,,,,,,,1.0,,,,,,,,,,,,,,,,,,,,,,,,,1.0
2023-11-17,72.73,22,6,1374,14,5.0,7.0,,,,,,,,,,1.0,,,1.0,,,,,,,,,,,,,,,,,,,,,,,,,,,,,,,
2023-11-18,68.18,22,7,1369,14,8.0,4.0,,,,,,,,,,,,1.0,,,,,,,,,,,,,,,,,,,1.0,,,,,,,,,,,,,
2023-11-19,91.3,23,2,348,11,3.0,5.0,,,3.0,,,,,,,,,,,,,,,,,,,,,,,,,,,,,,,,,,,,,,,,,
2023-11-20,91.3,23,2,534,18,7.0,8.0,,,,,,,,,,2.0,,,1.0,,,,,,,,,,,,,,,,,,,,,,,,,,,,,,,
2023-11-21,95.45,22,1,128,6,2.0,4.0,,,,,,,,,,,,,,,,,,,,,,,,,,,,,,,,,,,,,,,,,,,,
2023-11-22,95.45,22,1,81,2,1.0,1.0,,,,,,,,,,,,,,,,,,,,,,,,,,,,,,,,,,,,,,,,,,,,
2023-11-23,91.67,24,2,443,7,4.0,2.0,,,,,,,,,,,,,,,,,,,,,,,,,,,,,,,1.0,,,,,,,,,,,,,
2023-11-24,66.67,21,7,1234,13,9.0,2.0,,,,,,,,,,1.0,,,,,,,,,,,,,,,,,,,,,,,,,,,,,,,,,,1.0
2023-11-25,69.57,23,7,1617,13,7.0,5.0,,,,,,,,,,1.0,,,,,,,,,,,,,,,,,,,,,,,,,,,,,,,,,,
2023-11-26,95.24,21,1,81,6,2.0,4.0,,,,,,,,,,,,,,,,,,,,,,,,,,,,,,,,,,,,,,,,,,,,
2023-11-27,75.0,24,6,1153,17,7.0,5.0,,1.0,,,,,,,1.0,2.0,,1.0,,,,,,,,,,,,,,,,,,,,,,,,,,,,,,,,
2023-11-28,72.73,22,6,1286,12,6.0,5.0,,,,,,,,,,,,,,,,,,,,,,,,,,,,,,,,,,,,,,,,,,,,1.0
2023-11-29,78.26,23,5,911,13,5.0,1.0,,,,,,,,,,2.0,,3.0,,,,,,,1.0,,,,,,,,,,,1.0,,,,,,,,,,,,,,
2023-11-30,90.91,22,2,405,12,5.0,4.0,,,,,,,,,,2.0,,,1.0,,,,,,,,,,,,,,,,,,,,,,,,,,,,,,,
